1,Joelle,Wilkinson,null,null,LiZ98qvL8Lw,ADMIN,JoelleWilkinson
2,Martin,Cummings,null,null,QkK48drV2Da,ADMIN,MartinCummings
3,Dante,Mason,null,null,EyD84euX5Nj,ADMIN,DanteMason
4,Risa,Mayer,null,null,VdE34mqY2Xy,ADMIN,RisaMayer
5,Maxwell,Bailey,null,null,NmK87boS4Lf,ADMIN,MaxwellBailey
6,Emi,Flowers,null,null,LqK20ygU3Lw,ADMIN,EmiFlowers
7,Hedley,Arnold,null,null,OjP41mkY3Vb,ADMIN,HedleyArnold
8,Armand,Todd,null,null,LbH38urF4Kn,ADMIN,ArmandTodd
9,Phillip,Ramsey,null,null,XoH15hnY3Bw,ADMIN,PhillipRamsey
10,Austin,Mueller,null,null,MvZ46kfC1Kr,ADMIN,AustinMueller
11,Leroy,Crane,20070114-1252,l_crane118@finnsinte.se,null,USER,null
12,Aristotle,Meadows,20030413-5765,a-meadows7789@finnsinte.se,null,USER,null
13,Tucker,Travis,20090317-7750,tucker-travis2407@finnsinte.se,null,USER,null
14,Fulton,Wilkerson,20020119-6956,fultonwilkerson@finnsinte.se,null,USER,null
15,Zeph,Lopez,20030715-4421,z-lopez@finnsinte.se,null,USER,null
16,Xander,Ortiz,20050715-0949,o.xander@finnsinte.se,null,USER,null
17,Lyle,House,20020419-6224,l-house6763@finnsinte.se,null,USER,null
18,Cassandra,Barry,20080213-5606,c.barry9102@finnsinte.se,null,USER,null
19,Ifeoma,Kirkland,20070317-8141,kirkland_ifeoma3583@finnsinte.se,null,USER,null
20,Charity,Washington,20090717-3177,c_washington2540@finnsinte.se,null,USER,null
21,Edward,Hess,20000715-0456,h_edward@finnsinte.se,null,USER,null
22,Tamara,Dean,20010412-7665,t.dean2756@finnsinte.se,null,USER,null
23,Teagan,Dillard,20050115-3901,teagandillard3572@finnsinte.se,null,USER,null
24,Kennedy,Cox,20060519-1626,k_cox@finnsinte.se,null,USER,null
25,Violet,Cash,20060417-3860,vcash5503@finnsinte.se,null,USER,null
26,Hasad,Roth,20070618-7746,r-hasad9172@finnsinte.se,null,USER,null
27,Edward,Dean,20030414-8066,deanedward@finnsinte.se,null,USER,null
28,Jin,Soto,20050718-7025,jin_soto7144@finnsinte.se,null,USER,null
29,Colorado,Gentry,20020217-9638,g.colorado@finnsinte.se,null,USER,null
30,Nolan,Horn,20060518-1513,n_horn@finnsinte.se,null,USER,null
31,Hedy,Wall,20030513-2431,whedy9508@finnsinte.se,null,USER,null
32,Uta,Rosales,20070519-2332,rosales-uta7680@finnsinte.se,null,USER,null
33,Wynter,Bauer,20020817-4226,bauer_wynter3952@finnsinte.se,null,USER,null
34,Zorita,Taylor,20070715-6572,z_taylor4907@finnsinte.se,null,USER,null
35,Kelly,Chase,20080313-8250,ckelly@finnsinte.se,null,USER,null
36,Gage,Bird,20030817-1875,g.bird@finnsinte.se,null,USER,null
37,Isabelle,Puckett,20030214-5836,ipuckett3636@finnsinte.se,null,USER,null
38,Chantale,Yates,20040116-8047,chantale_yates6675@finnsinte.se,null,USER,null
39,Cora,Hooper,20040812-3568,cora-hooper6546@finnsinte.se,null,USER,null
40,Belle,Workman,20040516-6176,workman_belle1993@finnsinte.se,null,USER,null
41,Zachary,Mason,20040417-2387,mason.zachary@finnsinte.se,null,USER,null
42,Kaitlin,Boyer,20030617-1376,boyer.kaitlin@finnsinte.se,null,USER,null
43,Petra,Estes,20010212-8352,p.estes@finnsinte.se,null,USER,null
44,Amaya,Peterson,20050514-8177,apeterson@finnsinte.se,null,USER,null
45,Brady,Rutledge,20010711-8352,brutledge@finnsinte.se,null,USER,null
46,Sylvia,Paul,20010717-2251,s_paul@finnsinte.se,null,USER,null
47,Isaac,Espinoza,20030312-7287,isaac_espinoza6687@finnsinte.se,null,USER,null
48,Nathaniel,Gregory,20020618-8032,g.nathaniel8532@finnsinte.se,null,USER,null
49,Phelan,Aguirre,20010418-1311,a-phelan@finnsinte.se,null,USER,null
50,Jayme,Mayo,20070219-3245,mayo-jayme@finnsinte.se,null,USER,null
51,Jordan,Lancaster,20000612-5724,j-lancaster777@finnsinte.se,null,USER,null
52,Idona,Gallegos,20040319-7248,i.gallegos4326@finnsinte.se,null,USER,null
53,Arsenio,Wolf,20010418-6386,wolf_arsenio@finnsinte.se,null,USER,null
54,Willow,Burt,20040218-3778,willow.burt5992@finnsinte.se,null,USER,null
55,Kim,Anthony,20060417-8506,a.kim2350@finnsinte.se,null,USER,null
56,Addison,Watkins,20010211-8019,watkins.addison@finnsinte.se,null,USER,null
57,Fuller,Parker,20040616-4405,fuller_parker7139@finnsinte.se,null,USER,null
58,Carlos,Conley,20070514-3078,carlos.conley1508@finnsinte.se,null,USER,null
59,Phelan,Petersen,20010812-6279,p-petersen@finnsinte.se,null,USER,null
60,Miranda,Simmons,20030413-3866,msimmons9269@finnsinte.se,null,USER,null
61,Malcolm,Joyner,20030818-8642,joyner.malcolm5157@finnsinte.se,null,USER,null
62,Chaney,Hines,20020518-4355,c_hines3755@finnsinte.se,null,USER,null
63,Upton,Jordan,20050815-7417,u.jordan3996@finnsinte.se,null,USER,null
64,Allegra,Ortiz,20040313-6569,ortizallegra7177@finnsinte.se,null,USER,null
65,Ferdinand,Montoya,20050912-5127,f-montoya6652@finnsinte.se,null,USER,null
66,Danielle,Brooks,20050718-4980,danielle-brooks7385@finnsinte.se,null,USER,null
67,Shannon,Wilkerson,20000119-8931,wilkerson-shannon380@finnsinte.se,null,USER,null
68,Ezekiel,Justice,20000215-8505,j-ezekiel5651@finnsinte.se,null,USER,null
69,Kelsey,Mendez,20030214-6929,m-kelsey1545@finnsinte.se,null,USER,null
70,Perry,Gutierrez,20020412-8564,g_perry@finnsinte.se,null,USER,null
71,Desiree,Mcpherson,20020818-2825,mcpherson_desiree8389@finnsinte.se,null,USER,null
72,Abraham,Miller,20050811-7718,miller_abraham7614@finnsinte.se,null,USER,null
73,Julie,Underwood,20030413-5867,j_underwood6796@finnsinte.se,null,USER,null
74,Bruce,Heath,20060211-2504,heath_bruce@finnsinte.se,null,USER,null
75,Shelly,Chang,20050812-7226,s-chang@finnsinte.se,null,USER,null
76,Kaseem,Gibson,20070713-8468,gibsonkaseem@finnsinte.se,null,USER,null
77,Vance,Charles,20070518-8166,v_charles@finnsinte.se,null,USER,null
78,Asher,Ellis,20040614-3134,a_ellis@finnsinte.se,null,USER,null
79,Alea,Jordan,20030215-4541,alea-jordan@finnsinte.se,null,USER,null
80,Xandra,Raymond,20050511-4351,r_xandra@finnsinte.se,null,USER,null
81,Tashya,Savage,20080615-2714,tashyasavage@finnsinte.se,null,USER,null
82,Stacey,Hall,20010613-5306,hall_stacey1992@finnsinte.se,null,USER,null
83,Prescott,Barker,20040612-0193,barkerprescott8785@finnsinte.se,null,USER,null
84,Aurora,Joyce,20010514-2843,ajoyce4726@finnsinte.se,null,USER,null
85,Eugenia,Hardin,20020712-4283,hardineugenia1189@finnsinte.se,null,USER,null
86,Chandler,Stout,20060314-1151,stout_chandler@finnsinte.se,null,USER,null
87,Imelda,Hutchinson,20000812-7515,h-imelda@finnsinte.se,null,USER,null
88,Scott,Hendrix,20050511-3717,s_hendrix@finnsinte.se,null,USER,null
89,Cairo,Garner,20070913-4461,gcairo8535@finnsinte.se,null,USER,null
90,Meghan,Little,20030517-4367,m.little@finnsinte.se,null,USER,null
91,Galvin,Cummings,20030613-1885,cummings-galvin440@finnsinte.se,null,USER,null
92,Conan,Stafford,20060718-6899,stafford_conan8208@finnsinte.se,null,USER,null
93,Eric,Kerr,20040812-5036,kerreric@finnsinte.se,null,USER,null
94,Michael,Galloway,20040812-5781,galloway_michael9458@finnsinte.se,null,USER,null
95,Ignatius,Grimes,20020712-5722,i-grimes8764@finnsinte.se,null,USER,null
96,Allen,Rhodes,20000313-6856,rhodes-allen@finnsinte.se,null,USER,null
97,Wilma,Burris,20040412-1112,w_burris8847@finnsinte.se,null,USER,null
98,Damian,Singleton,20060716-8836,damian-singleton1001@finnsinte.se,null,USER,null
99,Aurelia,Bond,20070313-7417,bond.aurelia7199@finnsinte.se,null,USER,null
100,Emery,Lynn,20000712-7696,lynn.emery9158@finnsinte.se,null,USER,null
101,Portia,Cote,20030814-9843,p-cote8901@finnsinte.se,null,USER,null
102,Orson,Acevedo,20040212-9461,orson_acevedo3440@finnsinte.se,null,USER,null
103,Zia,Best,20090311-5262,best-zia@finnsinte.se,null,USER,null
104,Wylie,Petersen,20010816-8355,p.wylie6607@finnsinte.se,null,USER,null
105,Barrett,Nunez,20030618-2877,n-barrett@finnsinte.se,null,USER,null
106,Dorothy,Schmidt,20050118-9195,d-schmidt@finnsinte.se,null,USER,null
107,Arden,Love,20050311-3772,arden.love6246@finnsinte.se,null,USER,null
108,Samantha,Howell,20000915-3776,howell-samantha@finnsinte.se,null,USER,null
109,Inga,Rose,20050417-4218,rose.inga@finnsinte.se,null,USER,null
110,Octavia,Dickson,20020911-8722,d_octavia3269@finnsinte.se,null,USER,null
111,Ignatius,Tillman,20030715-4342,tillman.ignatius@finnsinte.se,null,USER,null
112,Kristen,Barron,20090614-1644,barron_kristen@finnsinte.se,null,USER,null
113,Clarke,Rosario,20060415-2181,c.rosario@finnsinte.se,null,USER,null
114,Jolie,Fulton,20010211-1067,joliefulton8265@finnsinte.se,null,USER,null
115,Akeem,Fry,20020918-3484,fry.akeem3210@finnsinte.se,null,USER,null
116,George,Ingram,20000713-2326,g_ingram@finnsinte.se,null,USER,null
117,Justin,Lott,20000413-6179,l.justin3097@finnsinte.se,null,USER,null
118,Joshua,Cochran,20010114-5829,c.joshua6956@finnsinte.se,null,USER,null
119,Dominic,Gomez,20050613-3021,g_dominic@finnsinte.se,null,USER,null
120,Jena,Mcpherson,20010217-1740,mcpherson.jena@finnsinte.se,null,USER,null
121,Carlos,May,20000618-6052,may-carlos3434@finnsinte.se,null,USER,null
122,Adria,Duffy,20080612-1112,duffyadria@finnsinte.se,null,USER,null
123,Brenda,Bridges,20040817-0766,b_brenda8229@finnsinte.se,null,USER,null
124,Nissim,Barnes,20040816-0539,n-barnes@finnsinte.se,null,USER,null
125,Dexter,Conway,20020814-7881,d_conway@finnsinte.se,null,USER,null
126,Trevor,Sargent,20000712-1410,t-sargent@finnsinte.se,null,USER,null
127,Kylan,Crane,20020716-1276,crane_kylan@finnsinte.se,null,USER,null
128,Alvin,Graham,20050714-8552,a_graham@finnsinte.se,null,USER,null
129,Shelby,Lynn,20050519-3482,s-lynn@finnsinte.se,null,USER,null
130,Russell,Roberts,20050112-6847,robertsrussell@finnsinte.se,null,USER,null
131,Iola,Morris,20070218-6736,i_morris8645@finnsinte.se,null,USER,null
132,Isaiah,Cooke,20070112-3227,cooke.isaiah3537@finnsinte.se,null,USER,null
133,Stacy,Hammond,20070417-3206,stacy.hammond9898@finnsinte.se,null,USER,null
134,Kirestin,Trujillo,20060719-6214,ktrujillo3280@finnsinte.se,null,USER,null
135,Tate,Macdonald,20000411-5845,tate.macdonald@finnsinte.se,null,USER,null
136,Lucas,Pittman,20040412-1849,l_pittman@finnsinte.se,null,USER,null
137,Cody,Norman,20000219-3848,norman-cody8727@finnsinte.se,null,USER,null
138,Akeem,Perez,20040712-8365,perez-akeem@finnsinte.se,null,USER,null
139,Valentine,Hines,20080518-6379,h.valentine@finnsinte.se,null,USER,null
140,Zorita,Noel,20080217-4547,znoel@finnsinte.se,null,USER,null
141,Alea,Ellison,20010915-2294,a-ellison@finnsinte.se,null,USER,null
142,Morgan,Pace,20010217-6784,morganpace8898@finnsinte.se,null,USER,null
143,Burke,Walsh,20040214-8281,b_walsh@finnsinte.se,null,USER,null
144,Larissa,Allen,20080615-7636,allen_larissa2410@finnsinte.se,null,USER,null
145,Herman,Cantu,20080917-1103,cantuherman@finnsinte.se,null,USER,null
146,Beau,Gardner,20050816-4521,beaugardner@finnsinte.se,null,USER,null
147,Ira,Collier,20010312-1431,collier-ira@finnsinte.se,null,USER,null
148,Amena,Booth,20080217-7844,amena-booth5205@finnsinte.se,null,USER,null
149,Declan,Forbes,20020211-3576,d.forbes@finnsinte.se,null,USER,null
150,Vance,Ward,20050311-3496,ward_vance1521@finnsinte.se,null,USER,null
151,Kerry,Lloyd,20010615-4473,k.lloyd8417@finnsinte.se,null,USER,null
152,Faith,Harrell,20010112-3111,f-harrell4659@finnsinte.se,null,USER,null
153,Kessie,Quinn,20060712-2216,q_kessie4967@finnsinte.se,null,USER,null
154,Kimberly,Fowler,20080216-5347,fkimberly@finnsinte.se,null,USER,null
155,Mufutau,Shields,20010312-6892,shieldsmufutau3319@finnsinte.se,null,USER,null
156,Rhonda,Espinoza,20070612-8890,rhonda.espinoza1643@finnsinte.se,null,USER,null
157,Riley,Mays,20040612-5585,maysriley8127@finnsinte.se,null,USER,null
158,Jack,Finley,20080219-1228,finley-jack570@finnsinte.se,null,USER,null
159,Penelope,Morales,20020813-9274,p-morales@finnsinte.se,null,USER,null
160,Laurel,Bowman,20040912-3021,l-bowman5800@finnsinte.se,null,USER,null
161,Shea,Olsen,20020518-1476,s_olsen@finnsinte.se,null,USER,null
162,Joan,Serrano,20070918-1531,s_joan3075@finnsinte.se,null,USER,null
163,Skyler,Avery,20040815-9997,skyler-avery5089@finnsinte.se,null,USER,null
164,Adam,Daniels,20020218-9842,a-daniels1532@finnsinte.se,null,USER,null
165,Elmo,Morin,20060617-4834,morin_elmo1872@finnsinte.se,null,USER,null
166,Hammett,Cherry,20050319-9537,chammett@finnsinte.se,null,USER,null
167,Zachery,Hughes,20050612-8156,hughes_zachery4705@finnsinte.se,null,USER,null
168,Alden,Benton,20070218-1629,benton-alden@finnsinte.se,null,USER,null
169,Kathleen,Ramos,20020518-2796,k.ramos2801@finnsinte.se,null,USER,null
170,Scott,Horne,20040117-8415,hornescott4074@finnsinte.se,null,USER,null
171,Macey,Walton,20040211-7764,m-walton@finnsinte.se,null,USER,null
172,Garrison,Compton,20050813-1122,g-compton@finnsinte.se,null,USER,null
173,TaShya,Mejia,20040416-5161,t-mejia@finnsinte.se,null,USER,null
174,Veronica,Ross,20040215-2792,ross-veronica6052@finnsinte.se,null,USER,null
175,Shad,Houston,20040911-3573,h.shad5320@finnsinte.se,null,USER,null
176,Ashely,Jones,20040918-4022,a_jones@finnsinte.se,null,USER,null
177,Valentine,Wallace,20090615-2353,v_wallace@finnsinte.se,null,USER,null
178,Andrew,Hood,20050712-1655,a.hood@finnsinte.se,null,USER,null
179,Jack,Butler,20060615-3810,butler.jack@finnsinte.se,null,USER,null
180,Alan,Gaines,20040611-9648,alangaines@finnsinte.se,null,USER,null
181,Phillip,Lloyd,20050511-4672,p_lloyd@finnsinte.se,null,USER,null
182,Adara,Winters,20020217-4850,awinters9426@finnsinte.se,null,USER,null
183,Orli,Browning,20020613-1799,o-browning@finnsinte.se,null,USER,null
184,Bo,Walker,20060513-7376,walkerbo9997@finnsinte.se,null,USER,null
185,Alice,Yang,20030414-4377,a.yang642@finnsinte.se,null,USER,null
186,Aretha,Shepherd,20070213-2658,aretha-shepherd@finnsinte.se,null,USER,null
187,Griffin,Young,20010818-2415,griffin.young@finnsinte.se,null,USER,null
188,Lael,Stokes,20000215-1332,lstokes@finnsinte.se,null,USER,null
189,Hamilton,Arnold,20070514-7217,h.arnold@finnsinte.se,null,USER,null
190,Nero,Mendez,20070317-5336,m.nero1425@finnsinte.se,null,USER,null
191,Malcolm,Farley,20000417-9279,farley_malcolm@finnsinte.se,null,USER,null
192,Rogan,Ward,20020612-5433,wardrogan@finnsinte.se,null,USER,null
193,Dylan,Vang,20080314-6784,vang_dylan9093@finnsinte.se,null,USER,null
194,Shannon,Petty,20010612-4574,p_shannon7696@finnsinte.se,null,USER,null
195,Marvin,Meyers,20040711-7156,m_meyers8561@finnsinte.se,null,USER,null
196,Cedric,Banks,20090915-6771,banks_cedric@finnsinte.se,null,USER,null
197,Ezra,Walters,20030713-8237,waltersezra@finnsinte.se,null,USER,null
198,Lana,Gaines,20010215-0234,l.gaines@finnsinte.se,null,USER,null
199,Omar,Pace,20090515-1734,omar.pace@finnsinte.se,null,USER,null
200,Melvin,Wall,20050718-5414,m_wall@finnsinte.se,null,USER,null
201,Kylee,Stein,20040312-3716,kstein9577@finnsinte.se,null,USER,null
202,Althea,Mcbride,20030816-1273,althea-mcbride2670@finnsinte.se,null,USER,null
203,Rose,Douglas,20040915-8475,douglas_rose6312@finnsinte.se,null,USER,null
204,Graiden,Meadows,20080615-0253,meadows-graiden4198@finnsinte.se,null,USER,null
205,Abraham,Bradford,20030715-4251,bradford.abraham@finnsinte.se,null,USER,null
206,Karen,Ortiz,20050519-2536,okaren@finnsinte.se,null,USER,null
207,Honorato,Kirk,20010316-3878,kirk_honorato3815@finnsinte.se,null,USER,null
208,Fitzgerald,Baldwin,20010818-3789,baldwin_fitzgerald@finnsinte.se,null,USER,null
209,Hilda,Meadows,20090312-1888,h_meadows1507@finnsinte.se,null,USER,null
210,Hedy,Rich,20080413-9202,hedyrich@finnsinte.se,null,USER,null
211,Ivy,Monroe,20010814-5400,monroe.ivy@finnsinte.se,null,USER,null
212,Elmo,Perry,20060312-7444,elmo-perry4535@finnsinte.se,null,USER,null
213,Rana,Trevino,20020517-1231,r-trevino@finnsinte.se,null,USER,null
214,Eve,Horn,20080412-1518,ehorn7017@finnsinte.se,null,USER,null
215,Hedley,Andrews,20070712-1185,handrews@finnsinte.se,null,USER,null
216,Katelyn,Thomas,20080315-5833,k.thomas8888@finnsinte.se,null,USER,null
217,Samson,Le,20070912-7056,samsonle@finnsinte.se,null,USER,null
218,Orla,Noble,20080218-1338,orla-noble@finnsinte.se,null,USER,null
219,Wynne,Lyons,20010916-3255,lyons_wynne8715@finnsinte.se,null,USER,null
220,Farrah,Adams,20050712-5831,f.adams2853@finnsinte.se,null,USER,null
221,Alika,Neal,20070815-5619,neal-alika@finnsinte.se,null,USER,null
222,Patrick,Smith,20050212-9609,patricksmith@finnsinte.se,null,USER,null
223,Helen,Morin,20030711-5853,morin-helen@finnsinte.se,null,USER,null
224,Kristen,Gonzalez,20080816-8717,kgonzalez2376@finnsinte.se,null,USER,null
225,Tanner,Huff,20030418-5439,tanner-huff5604@finnsinte.se,null,USER,null
226,Hanae,Nixon,20010814-3706,nixon_hanae@finnsinte.se,null,USER,null
227,Hyacinth,Phillips,20000816-8451,phillips.hyacinth@finnsinte.se,null,USER,null
228,Gabriel,Savage,20080716-4435,s.gabriel298@finnsinte.se,null,USER,null
229,Constance,Lewis,20090311-4728,lewis.constance@finnsinte.se,null,USER,null
230,Zephania,Palmer,20060818-0581,zephania_palmer3160@finnsinte.se,null,USER,null
231,Buckminster,Lewis,20010718-6865,buckminster.lewis@finnsinte.se,null,USER,null
232,Jolie,Buckner,20080613-5666,j_buckner@finnsinte.se,null,USER,null
233,Dean,Goff,20080814-6604,dgoff9968@finnsinte.se,null,USER,null
234,Chancellor,Richmond,20050613-2278,c.richmond3853@finnsinte.se,null,USER,null
235,Brenden,Burks,20090417-8880,burksbrenden@finnsinte.se,null,USER,null
236,Azalia,Frederick,20050215-9186,a-frederick74@finnsinte.se,null,USER,null
237,Seth,Mccall,20000818-7174,m.seth@finnsinte.se,null,USER,null
238,Griffin,Hoffman,20020216-7550,g-hoffman491@finnsinte.se,null,USER,null
239,Dawn,Lamb,20060815-7973,d.lamb2907@finnsinte.se,null,USER,null
240,Maxine,Larson,20040619-7787,maxinelarson@finnsinte.se,null,USER,null
241,Geraldine,Keith,20010418-8302,keith_geraldine8217@finnsinte.se,null,USER,null
242,Heather,Willis,20030419-4150,willis-heather1186@finnsinte.se,null,USER,null
243,Lavinia,Ford,20040518-7595,ford.lavinia@finnsinte.se,null,USER,null
244,Doris,Ayala,20060512-4265,a-doris@finnsinte.se,null,USER,null
245,Jolie,Mcdonald,20060216-7812,jmcdonald3245@finnsinte.se,null,USER,null
246,Constance,Perez,20050311-6756,constance_perez@finnsinte.se,null,USER,null
247,Ashely,Blair,20080415-8452,ablair@finnsinte.se,null,USER,null
248,Gregory,Deleon,20020811-1054,gregory_deleon4253@finnsinte.se,null,USER,null
249,Libby,Spencer,20080512-2842,spencer-libby@finnsinte.se,null,USER,null
250,Martha,Velasquez,20000218-9575,velasquez.martha@finnsinte.se,null,USER,null
251,Maggie,Zimmerman,20060214-4225,zimmerman_maggie@finnsinte.se,null,USER,null
252,Fritz,Davis,20080817-6122,f-davis9917@finnsinte.se,null,USER,null
253,Allen,Barlow,20020713-1531,barlow_allen4218@finnsinte.se,null,USER,null
254,Cynthia,Rivas,20050514-6172,rivascynthia@finnsinte.se,null,USER,null
255,Barbara,Rush,20070118-8156,brush5501@finnsinte.se,null,USER,null
256,Ishmael,Davenport,20030413-8386,i_davenport@finnsinte.se,null,USER,null
257,Chaim,Branch,20070314-8028,branchchaim7137@finnsinte.se,null,USER,null
258,Hollee,Carroll,20030616-4664,h_carroll3051@finnsinte.se,null,USER,null
259,Ian,Taylor,20050111-5252,tian@finnsinte.se,null,USER,null
260,Driscoll,Cooke,20070612-9419,c.driscoll@finnsinte.se,null,USER,null
261,Fiona,Baxter,20030411-7216,baxter.fiona@finnsinte.se,null,USER,null
262,Curran,Barr,20060317-5908,b.curran@finnsinte.se,null,USER,null
263,Brenden,Gardner,20000514-6155,gardnerbrenden2194@finnsinte.se,null,USER,null
264,Mariko,Battle,20010812-6566,battle.mariko3683@finnsinte.se,null,USER,null
265,Quamar,Carney,20080314-3444,q-carney@finnsinte.se,null,USER,null
266,Mannix,Long,20080712-3512,m_long4657@finnsinte.se,null,USER,null
267,Kasper,Noble,20060716-5446,kasper_noble1854@finnsinte.se,null,USER,null
268,Graiden,Callahan,20080114-2240,callahangraiden@finnsinte.se,null,USER,null
269,Basil,Huffman,20050318-6774,basilhuffman@finnsinte.se,null,USER,null
270,Brennan,Dickson,20030918-7195,dickson_brennan@finnsinte.se,null,USER,null
271,Stacy,Logan,20020211-7181,lstacy7905@finnsinte.se,null,USER,null
272,Isabelle,Mueller,20060414-9735,mueller-isabelle6976@finnsinte.se,null,USER,null
273,Gage,Zamora,20010915-7241,z_gage1698@finnsinte.se,null,USER,null
274,Berk,Hoffman,20070211-2642,hoffman.berk4756@finnsinte.se,null,USER,null
275,Upton,Horton,20050313-8634,upton_horton6911@finnsinte.se,null,USER,null
276,Silas,Ramos,20020417-3513,ramos.silas187@finnsinte.se,null,USER,null
277,Suki,Farmer,20070618-8214,suki_farmer@finnsinte.se,null,USER,null
278,Halee,Richards,20030513-8717,richards_halee393@finnsinte.se,null,USER,null
279,Geraldine,Mayer,20060518-3465,g.mayer@finnsinte.se,null,USER,null
280,Shelby,Gilbert,20080818-5426,s.gilbert@finnsinte.se,null,USER,null
281,Debra,Kirby,20010414-2613,kirby-debra6561@finnsinte.se,null,USER,null
282,Lisandra,Neal,20070415-1311,l.neal@finnsinte.se,null,USER,null
283,Jenette,Snider,20080818-3277,j_snider@finnsinte.se,null,USER,null
284,Ethan,Saunders,20020313-8025,ethan.saunders2605@finnsinte.se,null,USER,null
285,Renee,Allen,20090518-2691,rallen@finnsinte.se,null,USER,null
286,Darryl,Marks,20030216-5717,dmarks1873@finnsinte.se,null,USER,null
287,Malcolm,Salas,20060318-0594,salas.malcolm4427@finnsinte.se,null,USER,null
288,Skyler,Bowers,20070416-4495,bskyler@finnsinte.se,null,USER,null
289,Rhona,Phillips,20040515-2635,r_phillips6404@finnsinte.se,null,USER,null
290,Althea,Grant,20020716-6513,a_grant5081@finnsinte.se,null,USER,null
291,Aaron,Copeland,20070215-1989,c-aaron@finnsinte.se,null,USER,null
292,Ariana,Wilson,20050618-2724,w_ariana3169@finnsinte.se,null,USER,null
293,Zeph,Allen,20040613-5563,allen.zeph5574@finnsinte.se,null,USER,null
294,Ignacia,Gonzalez,20070519-8617,gignacia@finnsinte.se,null,USER,null
295,Kim,Osborne,20020912-3403,osborne_kim@finnsinte.se,null,USER,null
296,Naomi,Shaw,20020717-5724,shawnaomi@finnsinte.se,null,USER,null
297,Igor,Justice,20030716-6243,i_justice6821@finnsinte.se,null,USER,null
298,Felix,Carrillo,20020714-6289,fcarrillo@finnsinte.se,null,USER,null
299,Hillary,Caldwell,20000519-9588,c_hillary4948@finnsinte.se,null,USER,null
300,Aimee,Hendrix,20070315-7687,aimee.hendrix@finnsinte.se,null,USER,null
301,Alfreda,Everett,20080419-6871,a_everett@finnsinte.se,null,USER,null
302,Rebekah,Finch,20060514-0388,finch.rebekah@finnsinte.se,null,USER,null
303,Cody,Nolan,20080417-4318,nolancody5051@finnsinte.se,null,USER,null
304,Raphael,Hale,20090914-5480,hale_raphael2210@finnsinte.se,null,USER,null
305,Bo,Reed,20070512-7544,reed-bo7421@finnsinte.se,null,USER,null
306,Ivor,Macias,20040411-9687,maciasivor@finnsinte.se,null,USER,null
307,Joan,Buchanan,20090316-7402,buchanan_joan@finnsinte.se,null,USER,null
308,Oren,Holt,20080619-2217,holt.oren@finnsinte.se,null,USER,null
309,Gabriel,Gomez,20060912-0406,gabriel.gomez607@finnsinte.se,null,USER,null
310,Ira,Quinn,20010215-7144,quinn-ira@finnsinte.se,null,USER,null
311,Sara,Fulton,20060711-7330,s-fulton4350@finnsinte.se,null,USER,null
312,Oprah,Robles,20020314-3857,o-robles@finnsinte.se,null,USER,null
313,Chantale,Newton,20060118-6173,c_newton4372@finnsinte.se,null,USER,null
314,Phelan,Salinas,20050516-3686,p-salinas@finnsinte.se,null,USER,null
315,Raphael,Sandoval,20040313-7991,sandoval-raphael2096@finnsinte.se,null,USER,null
316,Donna,Porter,20050214-1980,donnaporter3031@finnsinte.se,null,USER,null
317,Steel,Mack,20030617-6766,m-steel6345@finnsinte.se,null,USER,null
318,Francesca,Chandler,20040815-3303,f-chandler1924@finnsinte.se,null,USER,null
319,Fleur,Noble,20050717-4348,f.noble@finnsinte.se,null,USER,null
320,Maryam,Mcleod,20010915-5656,m_mcleod@finnsinte.se,null,USER,null
321,Blaze,Stevens,20060618-9233,stevensblaze3092@finnsinte.se,null,USER,null
322,Freya,Walton,20050317-5217,f.walton@finnsinte.se,null,USER,null
323,Tatum,Tucker,20060317-0973,tucker.tatum5927@finnsinte.se,null,USER,null
324,Denton,Stewart,20010813-4350,stewartdenton@finnsinte.se,null,USER,null
325,Ashton,Serrano,20060414-6744,serrano.ashton2363@finnsinte.se,null,USER,null
326,Mariam,Gordon,20050418-9223,m_gordon1095@finnsinte.se,null,USER,null
327,Perry,Rice,20070312-5646,perry-rice@finnsinte.se,null,USER,null
328,Benjamin,Hammond,20050313-6531,b-hammond7270@finnsinte.se,null,USER,null
329,September,Wilson,20070515-6967,wilson-september1071@finnsinte.se,null,USER,null
330,Odysseus,Alford,20020314-5287,oalford@finnsinte.se,null,USER,null
331,Astra,Moon,20050416-3827,astramoon@finnsinte.se,null,USER,null
332,Nerea,Woodward,20040618-1200,woodward_nerea@finnsinte.se,null,USER,null
333,Arthur,Richards,20070412-7803,richards-arthur@finnsinte.se,null,USER,null
334,Leigh,Houston,20050216-4849,houston.leigh9073@finnsinte.se,null,USER,null
335,Cruz,Riggs,20090216-6844,riggs_cruz5779@finnsinte.se,null,USER,null
336,Katelyn,Watkins,20080217-3024,watkins.katelyn5895@finnsinte.se,null,USER,null
337,Yuli,Farley,20040217-1797,f-yuli@finnsinte.se,null,USER,null
338,Rinah,Gilbert,20070712-8588,rinah.gilbert5677@finnsinte.se,null,USER,null
339,Philip,Mccray,20010717-7231,p_mccray5693@finnsinte.se,null,USER,null
340,Odysseus,Preston,20080815-3874,odysseus-preston@finnsinte.se,null,USER,null
341,Larissa,Faulkner,20060712-1947,f_larissa@finnsinte.se,null,USER,null
342,Yvette,Roth,20010411-3173,roth-yvette@finnsinte.se,null,USER,null
343,Keith,Horton,20030214-8585,k_horton@finnsinte.se,null,USER,null
344,Justine,Parsons,20030314-5331,j-parsons3650@finnsinte.se,null,USER,null
345,Trevor,Battle,20010417-7172,battle-trevor7553@finnsinte.se,null,USER,null
346,Karina,Melton,20040213-8337,karina_melton@finnsinte.se,null,USER,null
347,Craig,Hendricks,20040517-7610,craighendricks9891@finnsinte.se,null,USER,null
348,Shelby,Weeks,20010116-6673,w.shelby4041@finnsinte.se,null,USER,null
349,Charity,Vincent,20060817-4586,v-charity7473@finnsinte.se,null,USER,null
350,Dominic,Pugh,20050213-2237,p_dominic6543@finnsinte.se,null,USER,null
351,Camden,Jenkins,20050511-6613,camdenjenkins2315@finnsinte.se,null,USER,null
352,Stella,Hawkins,20040716-6217,hawkins.stella5697@finnsinte.se,null,USER,null
353,Kyle,Oneil,20030512-4152,k-oneil5599@finnsinte.se,null,USER,null
354,Wyatt,Davis,20080317-7570,wyattdavis9701@finnsinte.se,null,USER,null
355,Vance,Sparks,20010212-1460,svance4322@finnsinte.se,null,USER,null
356,Nichole,Potts,20020516-1582,potts-nichole7568@finnsinte.se,null,USER,null
357,Merrill,Howard,20080216-1063,howardmerrill6223@finnsinte.se,null,USER,null
358,Maite,Browning,20020112-2254,m-browning6431@finnsinte.se,null,USER,null
359,Vaughan,Carson,20040413-6289,v.carson@finnsinte.se,null,USER,null
360,Urielle,Floyd,20020914-2333,floydurielle@finnsinte.se,null,USER,null
361,Byron,Kelly,20030814-4972,k.byron@finnsinte.se,null,USER,null
362,Florence,Beasley,20010118-7482,florence_beasley@finnsinte.se,null,USER,null
363,Phillip,Shannon,20090117-3488,shannon.phillip7139@finnsinte.se,null,USER,null
364,Jennifer,Henson,20040311-9278,hjennifer@finnsinte.se,null,USER,null
365,Colette,Harrell,20020315-5788,harrell.colette@finnsinte.se,null,USER,null
366,Graiden,English,20090717-7832,english-graiden@finnsinte.se,null,USER,null
367,Vaughan,Dunlap,20020818-4452,v-dunlap3408@finnsinte.se,null,USER,null
368,Jayme,Morin,20090915-7409,jaymemorin6244@finnsinte.se,null,USER,null
369,Octavius,Sexton,20030318-7806,sextonoctavius9044@finnsinte.se,null,USER,null
370,Lydia,Mckenzie,20060311-2987,lydiamckenzie@finnsinte.se,null,USER,null
371,Quamar,Merritt,20040713-4800,q.merritt@finnsinte.se,null,USER,null
372,Vera,Franks,20040912-3835,f.vera@finnsinte.se,null,USER,null
373,Genevieve,Burt,20010215-2128,burt_genevieve7397@finnsinte.se,null,USER,null
374,Colt,French,20030313-8425,cfrench2561@finnsinte.se,null,USER,null
375,Cairo,Holloway,20020811-3674,cholloway@finnsinte.se,null,USER,null
376,Lionel,Fischer,20070215-0669,fischer.lionel3504@finnsinte.se,null,USER,null
377,Cade,Riddle,20070117-5140,c_riddle2841@finnsinte.se,null,USER,null
378,Rowan,Larsen,20070514-3464,rowan_larsen@finnsinte.se,null,USER,null
379,Jonas,Hines,20040219-5479,hines_jonas@finnsinte.se,null,USER,null
380,Berk,Hensley,20090217-3515,berk_hensley6922@finnsinte.se,null,USER,null
381,Oprah,Vang,20070314-2557,oprah.vang41@finnsinte.se,null,USER,null
382,Ayanna,Massey,20060315-4720,m-ayanna@finnsinte.se,null,USER,null
383,Kane,Ellis,20040312-3424,kane-ellis@finnsinte.se,null,USER,null
384,Xantha,Duran,20000517-5898,duran-xantha@finnsinte.se,null,USER,null
385,Jared,Witt,20030212-1615,w.jared8803@finnsinte.se,null,USER,null
386,Nicole,French,20060513-5479,french_nicole@finnsinte.se,null,USER,null
387,Riley,Collier,20000219-1781,r.collier@finnsinte.se,null,USER,null
388,Jolene,Woods,20000713-8182,woodsjolene5279@finnsinte.se,null,USER,null
389,Bethany,Sandoval,20070311-0238,b_sandoval@finnsinte.se,null,USER,null
390,Rama,Beck,20030514-5186,r-beck8643@finnsinte.se,null,USER,null
391,Seth,Robinson,20060216-2472,robinson-seth8478@finnsinte.se,null,USER,null
392,Reagan,Patton,20040317-7466,patton-reagan@finnsinte.se,null,USER,null
393,Oren,Huff,20080518-6854,h.oren6223@finnsinte.se,null,USER,null
394,Eric,Avila,20020818-2666,avila.eric489@finnsinte.se,null,USER,null
395,Murphy,Mcfadden,20080619-3653,murphy-mcfadden2924@finnsinte.se,null,USER,null
396,Beatrice,Moody,20060213-5038,b-moody3524@finnsinte.se,null,USER,null
397,Jamalia,Logan,20010414-3250,l_jamalia3860@finnsinte.se,null,USER,null
398,Dorothy,Slater,20070213-1397,d-slater3149@finnsinte.se,null,USER,null
399,Reed,Delaney,20090616-5474,reed.delaney@finnsinte.se,null,USER,null
400,Kenneth,Hyde,20060217-2712,kenneth.hyde2117@finnsinte.se,null,USER,null
401,Jesse,Compton,20020213-1680,c.jesse@finnsinte.se,null,USER,null
402,Halla,Hill,20070412-6153,halla_hill6136@finnsinte.se,null,USER,null
403,Whoopi,Le,20020118-1763,le_whoopi@finnsinte.se,null,USER,null
404,Brianna,Terry,20010716-6748,b-terry@finnsinte.se,null,USER,null
405,Vivian,Huff,20040415-1801,v-huff3497@finnsinte.se,null,USER,null
406,Hoyt,Herring,20080719-5502,herring.hoyt@finnsinte.se,null,USER,null
407,Blake,Rasmussen,20070212-4878,r-blake@finnsinte.se,null,USER,null
408,Shelly,Durham,20010917-1871,shelly-durham6056@finnsinte.se,null,USER,null
409,Buckminster,Cohen,20060314-7634,cohenbuckminster7084@finnsinte.se,null,USER,null
410,Nasim,Cameron,20000516-5311,cameronnasim7277@finnsinte.se,null,USER,null
411,Zachary,Foreman,20080616-4779,foremanzachary2434@finnsinte.se,null,USER,null
412,Winifred,Underwood,20040915-4016,underwood_winifred@finnsinte.se,null,USER,null
413,Melinda,Diaz,20080616-8423,diaz-melinda@finnsinte.se,null,USER,null
414,Sasha,Best,20050415-2340,sashabest6214@finnsinte.se,null,USER,null
415,Louis,Cochran,20050318-3427,c-louis@finnsinte.se,null,USER,null
416,Desiree,Adams,20010811-1662,d_adams@finnsinte.se,null,USER,null
417,Stacy,Talley,20030617-4312,talleystacy@finnsinte.se,null,USER,null
418,Isaiah,Ayers,20040718-1611,isaiah.ayers7248@finnsinte.se,null,USER,null
419,Christian,Lyons,20080817-1586,c.lyons7930@finnsinte.se,null,USER,null
420,Lucas,Carey,20040314-0833,carey.lucas@finnsinte.se,null,USER,null
421,Autumn,Wilson,20000413-4462,wautumn9240@finnsinte.se,null,USER,null
422,Cathleen,Allen,20020511-5279,allencathleen@finnsinte.se,null,USER,null
423,Warren,Mosley,20080817-8937,warren.mosley8508@finnsinte.se,null,USER,null
424,Alexis,Miles,20000417-9191,miles_alexis@finnsinte.se,null,USER,null
425,Rebecca,Stafford,20050612-6323,rstafford2674@finnsinte.se,null,USER,null
426,Kiona,Hunter,20070318-7542,hunter-kiona152@finnsinte.se,null,USER,null
427,Rama,Kline,20060913-2512,kline-rama7370@finnsinte.se,null,USER,null
428,Marsden,Simpson,20010313-1318,marsden_simpson@finnsinte.se,null,USER,null
429,Jemima,Hayes,20080218-7763,j-hayes@finnsinte.se,null,USER,null
430,Amela,Curtis,20050711-4789,curtis-amela3667@finnsinte.se,null,USER,null
431,Dolan,Deleon,20000513-0876,d.deleon5722@finnsinte.se,null,USER,null
432,Wanda,Lindsey,20030218-1148,wandalindsey@finnsinte.se,null,USER,null
433,Mia,Cote,20040715-2888,cotemia@finnsinte.se,null,USER,null
434,Hadassah,Morin,20020315-6781,h_morin1831@finnsinte.se,null,USER,null
435,Shay,Patton,20020815-1188,patton_shay@finnsinte.se,null,USER,null
436,Yasir,Morse,20060817-7547,morseyasir1075@finnsinte.se,null,USER,null
437,Bruno,Compton,20040219-0870,comptonbruno@finnsinte.se,null,USER,null
438,Shelley,Walter,20010517-6757,shelley-walter3987@finnsinte.se,null,USER,null
439,Kareem,Ward,20010315-7333,ward_kareem@finnsinte.se,null,USER,null
440,Danielle,Duncan,20010812-4337,duncandanielle@finnsinte.se,null,USER,null
441,Rigel,Blackwell,20010815-3849,r-blackwell8407@finnsinte.se,null,USER,null
442,Jerome,Ware,20010914-2200,j-ware@finnsinte.se,null,USER,null
443,Cody,Bates,20010817-5395,bates-cody7309@finnsinte.se,null,USER,null
444,Garrison,Mcintosh,20040514-8456,gmcintosh8689@finnsinte.se,null,USER,null
445,Hyacinth,Perry,20010719-6151,perry-hyacinth431@finnsinte.se,null,USER,null
446,Melyssa,Lambert,20030818-2073,m.lambert1958@finnsinte.se,null,USER,null
447,Flynn,Cruz,20000514-5125,cruzflynn2129@finnsinte.se,null,USER,null
448,Jelani,Bender,20050516-5610,benderjelani@finnsinte.se,null,USER,null
449,Daria,Baxter,20040117-6463,daria.baxter@finnsinte.se,null,USER,null
450,Mari,Stafford,20090611-5911,mstafford@finnsinte.se,null,USER,null
451,Thor,Kerr,20050611-5480,t.kerr@finnsinte.se,null,USER,null
452,Amena,Johnston,20040316-6484,jamena@finnsinte.se,null,USER,null
453,Harlan,Greene,20030819-6261,h-greene@finnsinte.se,null,USER,null
454,Emery,Sanchez,20080216-6423,e.sanchez@finnsinte.se,null,USER,null
455,Hilel,Schultz,20050417-7584,s.hilel2842@finnsinte.se,null,USER,null
456,Tallulah,Kidd,20050112-1585,t_kidd7563@finnsinte.se,null,USER,null
457,Caryn,Joyce,20030712-1045,cjoyce9556@finnsinte.se,null,USER,null
458,Adara,Bonner,20070215-8652,a.bonner5107@finnsinte.se,null,USER,null
459,Rebekah,Nicholson,20070313-8738,nicholsonrebekah9124@finnsinte.se,null,USER,null
460,Nyssa,Hutchinson,20060816-7826,hutchinson.nyssa@finnsinte.se,null,USER,null
461,Hilel,Sharpe,20060717-7577,sharpe.hilel788@finnsinte.se,null,USER,null
462,Cara,Matthews,20080716-3346,matthewscara3914@finnsinte.se,null,USER,null
463,Uriah,Henson,20070718-7732,henson-uriah@finnsinte.se,null,USER,null
464,Donovan,Duran,20030315-8441,duran-donovan3711@finnsinte.se,null,USER,null
465,Oprah,Shaffer,20080314-9658,o-shaffer@finnsinte.se,null,USER,null
466,Nolan,Murray,20080714-9145,m.nolan163@finnsinte.se,null,USER,null
467,Brady,Mack,20000319-1275,brady-mack9100@finnsinte.se,null,USER,null
468,Asher,Carpenter,20050511-6222,casher4006@finnsinte.se,null,USER,null
469,Remedios,Becker,20090215-3223,becker_remedios5044@finnsinte.se,null,USER,null
470,Maggy,Little,20070212-8637,m_little@finnsinte.se,null,USER,null
471,Oliver,Harrington,20020212-8816,harrington-oliver4831@finnsinte.se,null,USER,null
472,Alexandra,Silva,20040816-5675,silvaalexandra@finnsinte.se,null,USER,null
473,Aaron,Howe,20020217-9812,howe-aaron1059@finnsinte.se,null,USER,null
474,Carla,Ware,20030615-1513,ware.carla3735@finnsinte.se,null,USER,null
475,Dora,Cook,20010314-3813,d-cook@finnsinte.se,null,USER,null
476,Colleen,Howard,20070514-8625,h.colleen3468@finnsinte.se,null,USER,null
477,Finn,Scott,20030712-2646,fscott@finnsinte.se,null,USER,null
478,Aidan,Sanders,20050514-2216,a.sanders@finnsinte.se,null,USER,null
479,Joelle,Maynard,20000614-9276,maynard-joelle@finnsinte.se,null,USER,null
480,Camilla,Sykes,20060812-1373,camilla-sykes@finnsinte.se,null,USER,null
481,Sonya,Sawyer,20020812-3465,sonyasawyer@finnsinte.se,null,USER,null
482,Olga,Kelley,20040318-0077,o-kelley3772@finnsinte.se,null,USER,null
483,Aspen,Yang,20040616-0453,a_yang5523@finnsinte.se,null,USER,null
484,Zeph,Wolf,20090619-8812,wolf_zeph@finnsinte.se,null,USER,null
485,Chaney,Mcleod,20030418-6828,mcleod_chaney1918@finnsinte.se,null,USER,null
486,Len,Holmes,20050713-7456,holmes_len4140@finnsinte.se,null,USER,null
487,Clare,Bernard,20060612-1862,bernard.clare@finnsinte.se,null,USER,null
488,Merrill,Cruz,20090618-2712,m-cruz7753@finnsinte.se,null,USER,null
489,Shea,Bowers,20080414-2458,s-bowers@finnsinte.se,null,USER,null
490,Rigel,Flores,20080714-1587,flores.rigel@finnsinte.se,null,USER,null
491,Wesley,Wagner,20070318-2142,wesley.wagner@finnsinte.se,null,USER,null
492,Sawyer,Vang,20010818-3404,v.sawyer7683@finnsinte.se,null,USER,null
493,Simon,Durham,20070918-1485,durham_simon9784@finnsinte.se,null,USER,null
494,Fitzgerald,Cochran,20040417-5763,fitzgerald-cochran@finnsinte.se,null,USER,null
495,Noelani,Roberson,20020313-1166,roberson.noelani@finnsinte.se,null,USER,null
496,Kristen,Dixon,20030511-4738,k-dixon@finnsinte.se,null,USER,null
497,Claudia,Mccarty,20050819-9818,c_mccarty@finnsinte.se,null,USER,null
498,Yvette,Thornton,20080716-6257,ythornton4944@finnsinte.se,null,USER,null
499,Scott,Rojas,20060714-9847,rojas.scott@finnsinte.se,null,USER,null
500,Hayden,Gomez,20090414-7475,h.gomez@finnsinte.se,null,USER,null
501,Felix,Shepherd,20010111-6535,f_shepherd6161@finnsinte.se,null,USER,null
502,Dennis,Soto,20080512-1655,sotodennis@finnsinte.se,null,USER,null
503,Pearl,Mercer,20000312-2336,pmercer@finnsinte.se,null,USER,null
504,Phillip,Rowland,20020817-8803,p_rowland5170@finnsinte.se,null,USER,null
505,Bo,Sullivan,20040817-6546,sullivan_bo@finnsinte.se,null,USER,null
506,Alma,Doyle,20040714-5746,doyle-alma6636@finnsinte.se,null,USER,null
507,Arden,Alvarez,20050216-3327,arden-alvarez2115@finnsinte.se,null,USER,null
508,Tatyana,Howe,20060714-8613,htatyana3755@finnsinte.se,null,USER,null
509,Colton,Joyce,20010611-8755,cjoyce7711@finnsinte.se,null,USER,null
510,Daria,Roberson,20020415-4553,roberson_daria5908@finnsinte.se,null,USER,null
511,Dieter,Jacobs,20050317-5412,d.jacobs@finnsinte.se,null,USER,null
512,Jacob,Garcia,20010818-2682,j.garcia2331@finnsinte.se,null,USER,null
513,Candace,Nash,20000812-2256,n_candace@finnsinte.se,null,USER,null
514,Silas,Beasley,20070417-5487,beasleysilas9418@finnsinte.se,null,USER,null
515,Vielka,Tyler,20030511-9281,v-tyler8324@finnsinte.se,null,USER,null
516,Yeo,Reynolds,20080511-6072,reynolds-yeo5134@finnsinte.se,null,USER,null
517,Fuller,Forbes,20020214-8965,fforbes@finnsinte.se,null,USER,null
518,Xantha,Norris,20040612-9220,xantha_norris4941@finnsinte.se,null,USER,null
519,Dante,Hamilton,20070216-5865,h.dante@finnsinte.se,null,USER,null
520,Xenos,White,20040216-9939,x_white5070@finnsinte.se,null,USER,null
521,Charlotte,Barry,20040417-4760,bcharlotte@finnsinte.se,null,USER,null
522,Xaviera,Barrera,20010815-2763,barrera_xaviera6942@finnsinte.se,null,USER,null
523,Porter,Smith,20010114-1921,smith.porter@finnsinte.se,null,USER,null
524,Griffith,Bradford,20030118-0671,g_bradford8236@finnsinte.se,null,USER,null
525,William,Pratt,20020713-2231,william.pratt@finnsinte.se,null,USER,null
526,Jared,Villarreal,20060617-4547,jaredvillarreal@finnsinte.se,null,USER,null
527,Sophia,Sparks,20060513-7593,ssophia@finnsinte.se,null,USER,null
528,Clare,Norris,20020917-3715,clare-norris1106@finnsinte.se,null,USER,null
529,Amos,Sears,20030214-9032,a.sears2066@finnsinte.se,null,USER,null
530,Reuben,Carter,20010115-7188,r-carter350@finnsinte.se,null,USER,null
531,Athena,Sharpe,20070115-0779,sharpe-athena8037@finnsinte.se,null,USER,null
532,Violet,Miles,20010111-1446,v.miles6919@finnsinte.se,null,USER,null
533,Bianca,Stewart,20060718-1218,s-bianca733@finnsinte.se,null,USER,null
534,Candace,Koch,20030614-9216,c-koch@finnsinte.se,null,USER,null
535,Laurel,Hodge,20070613-8215,h_laurel6895@finnsinte.se,null,USER,null
536,Aidan,Sargent,20080417-3456,sargentaidan2493@finnsinte.se,null,USER,null
537,Roanna,Munoz,20050218-2228,r.munoz7602@finnsinte.se,null,USER,null
538,Leroy,Freeman,20060718-1276,freeman_leroy@finnsinte.se,null,USER,null
539,Fatima,Tran,20060212-3419,tran_fatima4109@finnsinte.se,null,USER,null
540,Elizabeth,Buchanan,20070414-7119,buchanan_elizabeth5203@finnsinte.se,null,USER,null
541,Melinda,Terrell,20020416-7362,melinda_terrell2738@finnsinte.se,null,USER,null
542,Nehru,Floyd,20030213-5113,f_nehru@finnsinte.se,null,USER,null
543,Quynn,Ray,20010716-5383,r_quynn@finnsinte.se,null,USER,null
544,Gwendolyn,Sears,20080916-2943,sears_gwendolyn@finnsinte.se,null,USER,null
545,Lareina,Armstrong,20070312-4958,l.armstrong@finnsinte.se,null,USER,null
546,Declan,Stuart,20040812-8167,d_stuart8023@finnsinte.se,null,USER,null
547,Isaiah,Mcmahon,20060915-6449,m.isaiah@finnsinte.se,null,USER,null
548,Michelle,Benjamin,20000515-2278,bmichelle@finnsinte.se,null,USER,null
549,Iliana,Acosta,20020117-8325,acosta-iliana@finnsinte.se,null,USER,null
550,Quynn,Adkins,20060412-1656,adkinsquynn5169@finnsinte.se,null,USER,null
551,Patrick,Chen,20040618-5673,chenpatrick@finnsinte.se,null,USER,null
552,Henry,Evans,20060513-8367,henryevans606@finnsinte.se,null,USER,null
553,Uta,Harvey,20020615-7319,u-harvey@finnsinte.se,null,USER,null
554,Daquan,Montoya,20090314-9325,daquan_montoya4839@finnsinte.se,null,USER,null
555,Guy,Baldwin,20050614-8346,baldwin.guy1808@finnsinte.se,null,USER,null
556,Charissa,Poole,20050715-3419,c_poole@finnsinte.se,null,USER,null
557,Susan,Wood,20010417-8323,s_wood3831@finnsinte.se,null,USER,null
558,Hamilton,Alvarado,20020217-7367,hamiltonalvarado9524@finnsinte.se,null,USER,null
559,Hammett,Summers,20030719-8887,hsummers5159@finnsinte.se,null,USER,null
560,Lawrence,Waters,20060614-6680,waters_lawrence221@finnsinte.se,null,USER,null
561,Timothy,Roberts,20040616-2152,troberts@finnsinte.se,null,USER,null
562,Byron,Reed,20030814-3373,b_reed5957@finnsinte.se,null,USER,null
563,Blythe,Villarreal,20020616-9181,b.villarreal@finnsinte.se,null,USER,null
564,Kamal,Floyd,20080314-8455,k_floyd4182@finnsinte.se,null,USER,null
565,Cain,Sawyer,20050516-7286,c.sawyer4232@finnsinte.se,null,USER,null
566,Cathleen,Perry,20040113-3360,perry.cathleen@finnsinte.se,null,USER,null
567,Jason,Figueroa,20020114-3394,figueroajason@finnsinte.se,null,USER,null
568,Delilah,Olson,20020817-2895,d.olson3621@finnsinte.se,null,USER,null
569,Lael,Moody,20060315-1273,moody.lael@finnsinte.se,null,USER,null
570,Abbot,Hampton,20010314-8051,hampton.abbot6828@finnsinte.se,null,USER,null
571,Rooney,Cantrell,20080415-0687,cantrellrooney@finnsinte.se,null,USER,null
572,Amos,Burke,20000818-9066,burke.amos8356@finnsinte.se,null,USER,null
573,Salvador,Kinney,20020211-4301,k.salvador@finnsinte.se,null,USER,null
574,Pearl,Fernandez,20060612-1392,fernandezpearl@finnsinte.se,null,USER,null
575,Judith,Keith,20080719-6533,kjudith5100@finnsinte.se,null,USER,null
576,Glenna,Monroe,20060616-1418,g.monroe@finnsinte.se,null,USER,null
577,Talon,Dejesus,20060918-5112,tdejesus@finnsinte.se,null,USER,null
578,Haley,Arnold,20030318-9243,ahaley1518@finnsinte.se,null,USER,null
579,Darryl,Boyle,20020515-5434,d.boyle5796@finnsinte.se,null,USER,null
580,Piper,Morse,20030217-1726,p.morse@finnsinte.se,null,USER,null
581,Caldwell,Bright,20060613-8153,c_bright@finnsinte.se,null,USER,null
582,Eleanor,Haley,20060518-2541,haleyeleanor6732@finnsinte.se,null,USER,null
583,Rhonda,Pittman,20020119-1764,pittman.rhonda3181@finnsinte.se,null,USER,null
584,Harlan,Stark,20090512-7974,h.stark8219@finnsinte.se,null,USER,null
585,Genevieve,Roberson,20070218-0928,g_roberson4732@finnsinte.se,null,USER,null
586,Giselle,Ratliff,20020314-3235,r-giselle1387@finnsinte.se,null,USER,null
587,Boris,Clayton,20050216-4322,b_clayton@finnsinte.se,null,USER,null
588,Kirk,Frank,20030818-1413,kirk_frank@finnsinte.se,null,USER,null
589,Katelyn,Price,20010513-6512,k.price75@finnsinte.se,null,USER,null
590,Henry,Langley,20070615-7153,h.langley@finnsinte.se,null,USER,null
591,Dai,Gonzales,20030414-5355,dai-gonzales@finnsinte.se,null,USER,null
592,Myra,Forbes,20080616-3723,myra_forbes688@finnsinte.se,null,USER,null
593,Lani,Jacobs,20000215-5581,j-lani@finnsinte.se,null,USER,null
594,August,Pate,20060312-9044,paugust4671@finnsinte.se,null,USER,null
595,Christen,Wilder,20060816-2571,christenwilder@finnsinte.se,null,USER,null
596,Zelenia,Hess,20080416-7002,z.hess@finnsinte.se,null,USER,null
597,Wyatt,Elliott,20070719-3647,wyatt_elliott2385@finnsinte.se,null,USER,null
598,Mercedes,Montgomery,20010118-2589,montgomery_mercedes@finnsinte.se,null,USER,null
599,Caesar,Reed,20000518-6741,r_caesar@finnsinte.se,null,USER,null
600,Georgia,Callahan,20040317-2385,georgia_callahan177@finnsinte.se,null,USER,null
601,Rajah,Blankenship,20090611-1661,b_rajah@finnsinte.se,null,USER,null
602,Lester,Chang,20070714-7550,chang.lester1615@finnsinte.se,null,USER,null
603,Caldwell,Perkins,20020613-1511,cperkins@finnsinte.se,null,USER,null
604,Nita,Washington,20090513-5453,washington.nita@finnsinte.se,null,USER,null
605,Keelie,Miller,20090318-7751,k-miller9877@finnsinte.se,null,USER,null
606,Trevor,Wyatt,20090812-1450,w-trevor7449@finnsinte.se,null,USER,null
607,Chantale,Duncan,20010418-5512,chantaleduncan8446@finnsinte.se,null,USER,null
608,Mark,Jarvis,20010218-3141,mjarvis@finnsinte.se,null,USER,null
609,Todd,Frank,20040211-4241,frank.todd@finnsinte.se,null,USER,null
610,Genevieve,Palmer,20020719-1253,g.palmer2402@finnsinte.se,null,USER,null
611,Donovan,Carney,20020214-2774,cdonovan6901@finnsinte.se,null,USER,null
612,Aaron,Sears,20050812-8631,a-sears9122@finnsinte.se,null,USER,null
613,Naomi,Peck,20020314-4413,peck.naomi@finnsinte.se,null,USER,null
614,Echo,Gutierrez,20010413-8247,e_gutierrez8997@finnsinte.se,null,USER,null
615,Orlando,Roth,20070414-5443,o_roth3852@finnsinte.se,null,USER,null
616,Lee,Lara,20030315-7497,l.lee@finnsinte.se,null,USER,null
617,Nash,Underwood,20030218-7752,u_nash240@finnsinte.se,null,USER,null
618,Jade,Wilder,20060613-2424,jwilder@finnsinte.se,null,USER,null
619,Marah,Forbes,20050116-2981,forbes.marah4289@finnsinte.se,null,USER,null
620,Tanner,Reed,20020913-1672,treed@finnsinte.se,null,USER,null
621,Galena,Reese,20070515-4464,rgalena5609@finnsinte.se,null,USER,null
622,Bianca,Norton,20020413-3844,biancanorton2138@finnsinte.se,null,USER,null
623,Scarlet,Pennington,20020519-4771,s.pennington6684@finnsinte.se,null,USER,null
624,Ina,Payne,20090817-5533,inapayne6372@finnsinte.se,null,USER,null
625,Garrison,Ashley,20080716-4617,g-ashley@finnsinte.se,null,USER,null
626,Tasha,Dixon,20020114-8684,t-dixon@finnsinte.se,null,USER,null
627,Baxter,Day,20020615-4372,b-day3882@finnsinte.se,null,USER,null
628,Joan,Stein,20030814-5627,stein-joan@finnsinte.se,null,USER,null
629,Stone,Hammond,20030718-8021,hammond_stone8580@finnsinte.se,null,USER,null
630,Ethan,Snow,20080712-8046,s.ethan@finnsinte.se,null,USER,null
631,Barclay,Keller,20020516-6472,keller_barclay7552@finnsinte.se,null,USER,null
632,Graiden,Ellis,20040412-0228,gellis@finnsinte.se,null,USER,null
633,Raja,Meyers,20050914-9722,meyers_raja@finnsinte.se,null,USER,null
634,Stella,Barton,20020417-4556,bartonstella@finnsinte.se,null,USER,null
635,Margaret,Cannon,20060416-1852,cannon_margaret@finnsinte.se,null,USER,null
636,Timothy,Mcdaniel,20030215-1185,timothy.mcdaniel6114@finnsinte.se,null,USER,null
637,Regina,Pierce,20000414-5617,r.pierce@finnsinte.se,null,USER,null
638,Abel,Morrison,20030414-6484,abel.morrison1173@finnsinte.se,null,USER,null
639,Ina,Farley,20050417-5000,f_ina@finnsinte.se,null,USER,null
640,Wing,Riggs,20050414-9811,riggs-wing4273@finnsinte.se,null,USER,null
641,Zephr,Mueller,20020912-4532,m.zephr@finnsinte.se,null,USER,null
642,Anne,Merrill,20020813-9056,merrill-anne637@finnsinte.se,null,USER,null
643,Troy,Montgomery,20000814-0449,m.troy2662@finnsinte.se,null,USER,null
644,Remedios,Todd,20060315-4973,toddremedios6412@finnsinte.se,null,USER,null
645,Calvin,Rosales,20020314-7936,c-rosales@finnsinte.se,null,USER,null
646,Heidi,Riggs,20080718-3720,riggs.heidi6942@finnsinte.se,null,USER,null
647,Brendan,Acosta,20040214-2684,acosta-brendan3530@finnsinte.se,null,USER,null
648,Garth,Terry,20070711-2277,t.garth@finnsinte.se,null,USER,null
649,Sasha,Joseph,20040716-6778,sashajoseph1320@finnsinte.se,null,USER,null
650,Virginia,Sellers,20060113-1498,v-sellers9090@finnsinte.se,null,USER,null
651,Aquila,Robles,20090711-5883,arobles8392@finnsinte.se,null,USER,null
652,Demetrius,Buck,20070112-2112,buckdemetrius@finnsinte.se,null,USER,null
653,Ciara,Branch,20060118-1771,b_ciara7154@finnsinte.se,null,USER,null
654,Mollie,Kim,20050216-6554,mollie.kim@finnsinte.se,null,USER,null
655,Yuri,Petty,20050514-8472,ypetty@finnsinte.se,null,USER,null
656,May,Barr,20080511-1615,mbarr@finnsinte.se,null,USER,null
657,Alden,Kinney,20070516-5314,a_kinney5188@finnsinte.se,null,USER,null
658,Porter,Hayes,20070316-1657,phayes@finnsinte.se,null,USER,null
659,Aladdin,Carpenter,20010416-3303,a_carpenter8508@finnsinte.se,null,USER,null
660,Martena,Madden,20070713-8430,m_madden4628@finnsinte.se,null,USER,null
661,Abra,David,20030713-6456,david-abra@finnsinte.se,null,USER,null
662,Sharon,Love,20060612-3517,l.sharon@finnsinte.se,null,USER,null
663,Grace,Gallegos,20070417-8816,gallegos.grace@finnsinte.se,null,USER,null
664,Colorado,Duke,20040415-7707,dcolorado1752@finnsinte.se,null,USER,null
665,Derek,Mullins,20080312-2268,d_mullins@finnsinte.se,null,USER,null
666,Bianca,Dodson,20020114-1157,b.dodson8637@finnsinte.se,null,USER,null
667,Kasimir,Davidson,20060314-3485,k_davidson@finnsinte.se,null,USER,null
668,Orla,Le,20020513-2190,orla_le374@finnsinte.se,null,USER,null
669,Jada,Warner,20010616-1854,w.jada@finnsinte.se,null,USER,null
670,Jasper,Nolan,20040717-6025,j.nolan@finnsinte.se,null,USER,null
671,Chaney,Washington,20050611-7615,c-washington3391@finnsinte.se,null,USER,null
672,Colton,Sawyer,20030513-0572,sawyer-colton4922@finnsinte.se,null,USER,null
673,Ira,Kerr,20010716-2271,kerr-ira5318@finnsinte.se,null,USER,null
674,Yoshi,Byrd,20020818-6134,y_byrd2408@finnsinte.se,null,USER,null
675,Troy,Mcmillan,20010815-0158,mcmillan.troy5804@finnsinte.se,null,USER,null
676,Sybil,Cline,20080414-6134,cline-sybil@finnsinte.se,null,USER,null
677,Amy,Johnston,20070417-2873,johnston-amy@finnsinte.se,null,USER,null
678,Ahmed,Holloway,20040313-1532,ahmed_holloway@finnsinte.se,null,USER,null
679,Venus,Smith,20020517-2910,smith.venus@finnsinte.se,null,USER,null
680,Dorian,Guerra,20080811-2995,d_guerra528@finnsinte.se,null,USER,null
681,Danielle,Rivas,20070913-4821,rivas.danielle@finnsinte.se,null,USER,null
682,Carly,Merrill,20060817-7636,carlymerrill1089@finnsinte.se,null,USER,null
683,Tanisha,Velazquez,20010917-5860,velazquez-tanisha9345@finnsinte.se,null,USER,null
684,Stephen,Hodges,20080819-6503,hodges.stephen@finnsinte.se,null,USER,null
685,Carla,Quinn,20050712-5814,c-quinn@finnsinte.se,null,USER,null
686,Jameson,Blair,20000711-9656,blair-jameson@finnsinte.se,null,USER,null
687,Hashim,Barton,20020312-7545,bartonhashim6967@finnsinte.se,null,USER,null
688,Harrison,Eaton,20050618-5124,heaton8922@finnsinte.se,null,USER,null
689,Levi,Pierce,20000613-3571,levi.pierce7441@finnsinte.se,null,USER,null
690,Carol,Barr,20050217-5235,c-barr2650@finnsinte.se,null,USER,null
691,Kennedy,Cobb,20020715-3086,k.cobb@finnsinte.se,null,USER,null
692,Amelia,Tyson,20040618-2429,amelia_tyson@finnsinte.se,null,USER,null
693,Wing,Saunders,20050112-7442,saunders.wing@finnsinte.se,null,USER,null
694,Wayne,Bridges,20040317-7849,w_bridges798@finnsinte.se,null,USER,null
695,Clayton,Mason,20010617-3384,c.mason@finnsinte.se,null,USER,null
696,Hilda,Monroe,20070318-9713,hilda.monroe4692@finnsinte.se,null,USER,null
697,Willa,Mcknight,20000715-7640,willa.mcknight5992@finnsinte.se,null,USER,null
698,Merrill,Whitley,20010712-5688,whitley-merrill@finnsinte.se,null,USER,null
699,Tatiana,Perez,20020614-0346,tperez7620@finnsinte.se,null,USER,null
700,Aretha,Bradshaw,20010514-1303,abradshaw1970@finnsinte.se,null,USER,null
701,Cleo,Moon,20070216-1361,m_cleo@finnsinte.se,null,USER,null
702,Asher,Clay,20010312-4861,c-asher@finnsinte.se,null,USER,null
703,Judah,Morse,20070315-2843,j.morse5653@finnsinte.se,null,USER,null
704,Stewart,Strickland,20060717-6732,s-strickland@finnsinte.se,null,USER,null
705,Stephanie,Strong,20090712-7342,s.strong1264@finnsinte.se,null,USER,null
706,Kaitlin,Nichols,20050717-6515,k.nichols229@finnsinte.se,null,USER,null
707,Samantha,Martinez,20080715-9284,martinez.samantha@finnsinte.se,null,USER,null
708,Tanya,Farmer,20070318-2439,t-farmer4881@finnsinte.se,null,USER,null
709,Deirdre,Clemons,20080519-2641,clemons_deirdre5867@finnsinte.se,null,USER,null
710,Ignacia,Snow,20050214-8872,isnow@finnsinte.se,null,USER,null
711,Boris,Baxter,20020317-5142,bbaxter425@finnsinte.se,null,USER,null
712,Cailin,Willis,20000115-0826,willis.cailin1233@finnsinte.se,null,USER,null
713,Joan,Ratliff,20090716-1115,ratliffjoan3112@finnsinte.se,null,USER,null
714,Alan,Cooper,20010212-5721,cooper_alan3626@finnsinte.se,null,USER,null
715,Elvis,Glass,20070417-2338,elvisglass9265@finnsinte.se,null,USER,null
716,Iola,Barlow,20040316-4605,i.barlow3103@finnsinte.se,null,USER,null
717,Noble,Snider,20040419-3562,n.snider8431@finnsinte.se,null,USER,null
718,Macy,Humphrey,20010311-0223,m.humphrey@finnsinte.se,null,USER,null
719,Wayne,Santos,20090318-1467,swayne@finnsinte.se,null,USER,null
720,Charlotte,Jacobs,20030213-2640,jacobs-charlotte@finnsinte.se,null,USER,null
721,Benedict,Lang,20070318-9617,blang7617@finnsinte.se,null,USER,null
722,Keaton,Arnold,20050416-3870,a.keaton603@finnsinte.se,null,USER,null
723,Ursa,Butler,20040612-8223,butler-ursa@finnsinte.se,null,USER,null
724,Dillon,Walker,20040612-6118,walker-dillon@finnsinte.se,null,USER,null
725,Autumn,Moody,20060416-2743,moody-autumn@finnsinte.se,null,USER,null
726,Justine,Garrison,20020819-7518,j.garrison1158@finnsinte.se,null,USER,null
727,Katell,Ortega,20010918-6842,kortega5536@finnsinte.se,null,USER,null
728,Whitney,Fletcher,20090818-9522,fwhitney@finnsinte.se,null,USER,null
729,Ursula,Long,20030118-8767,longursula@finnsinte.se,null,USER,null
730,Bertha,Berg,20050618-5854,bergbertha911@finnsinte.se,null,USER,null
731,Chava,Moses,20010214-2703,mchava@finnsinte.se,null,USER,null
732,Jenna,Morgan,20020217-2111,j-morgan5874@finnsinte.se,null,USER,null
733,Jorden,Bruce,20050818-5149,jorden_bruce2187@finnsinte.se,null,USER,null
734,Hayfa,Munoz,20030111-7750,munozhayfa9807@finnsinte.se,null,USER,null
735,Jade,Ross,20080118-9434,jade-ross@finnsinte.se,null,USER,null
736,Tamekah,Roberts,20080114-2121,rtamekah@finnsinte.se,null,USER,null
737,Tate,Cline,20070418-0353,tcline1421@finnsinte.se,null,USER,null
738,Kevyn,Potts,20070418-2332,pottskevyn5113@finnsinte.se,null,USER,null
739,Lionel,Hebert,20050413-5858,l_hebert@finnsinte.se,null,USER,null
740,Yasir,Welch,20040414-9942,welchyasir@finnsinte.se,null,USER,null
741,Hadassah,Chambers,20020615-9486,chambershadassah@finnsinte.se,null,USER,null
742,Jaime,Bates,20030517-8674,j.bates361@finnsinte.se,null,USER,null
743,Shelley,Mclaughlin,20050612-2952,mclaughlinshelley@finnsinte.se,null,USER,null
744,Cheyenne,Hughes,20050211-2546,c-hughes5751@finnsinte.se,null,USER,null
745,Geoffrey,Richardson,20080514-4768,geoffrey_richardson2490@finnsinte.se,null,USER,null
746,Magee,Warner,20060819-4116,mwarner@finnsinte.se,null,USER,null
747,Glenna,Stephens,20090414-3381,sglenna6589@finnsinte.se,null,USER,null
748,Carter,Holcomb,20030518-7327,h.carter@finnsinte.se,null,USER,null
749,Baker,Padilla,20030413-2302,bakerpadilla8704@finnsinte.se,null,USER,null
750,Bradley,Gill,20040516-1979,gillbradley103@finnsinte.se,null,USER,null
751,Clarke,Fox,20020712-2715,clarke_fox4868@finnsinte.se,null,USER,null
752,Jordan,Mercado,20050211-6151,mercadojordan@finnsinte.se,null,USER,null
753,Cooper,Lawson,20070212-5626,c-lawson8890@finnsinte.se,null,USER,null
754,Adele,Snyder,20070311-5021,s-adele9060@finnsinte.se,null,USER,null
755,Dylan,Goodman,20040817-7461,d_goodman2035@finnsinte.se,null,USER,null
756,Olivia,Sampson,20030113-5180,s_olivia@finnsinte.se,null,USER,null
757,Gretchen,Green,20060516-3881,ggreen@finnsinte.se,null,USER,null
758,Zane,Oconnor,20020211-6555,z-oconnor6278@finnsinte.se,null,USER,null
759,Ciaran,Edwards,20030515-2217,ciaranedwards@finnsinte.se,null,USER,null
760,Anika,Russell,20030517-3236,russell_anika7139@finnsinte.se,null,USER,null
761,Ima,Bauer,20060319-2345,ibauer706@finnsinte.se,null,USER,null
762,Malachi,Bean,20030417-5580,bean.malachi@finnsinte.se,null,USER,null
763,Lacey,Romero,20080215-8508,lacey_romero@finnsinte.se,null,USER,null
764,Oliver,Alvarez,20080412-6636,alvarez-oliver@finnsinte.se,null,USER,null
765,Lewis,Bradley,20060515-9174,l-bradley@finnsinte.se,null,USER,null
766,Tyler,Carter,20050413-8629,tyler_carter@finnsinte.se,null,USER,null
767,Tamara,Evans,20000711-3877,evanstamara@finnsinte.se,null,USER,null
768,Ray,Craig,20060614-2441,craigray1166@finnsinte.se,null,USER,null
769,Fritz,Cole,20000713-9913,colefritz@finnsinte.se,null,USER,null
770,Jillian,Rogers,20060317-8573,r_jillian@finnsinte.se,null,USER,null
771,Tashya,Reilly,20060715-1701,rtashya@finnsinte.se,null,USER,null
772,Kaitlin,Curtis,20030516-0250,kcurtis@finnsinte.se,null,USER,null
773,Renee,Reilly,20020714-3777,renee.reilly@finnsinte.se,null,USER,null
774,Sage,Randolph,20010314-8217,sage-randolph@finnsinte.se,null,USER,null
775,Stacy,Burris,20080712-1245,b-stacy3357@finnsinte.se,null,USER,null
776,Coby,Moody,20020718-5973,coby-moody@finnsinte.se,null,USER,null
777,Audra,Berg,20090913-1298,a-berg2584@finnsinte.se,null,USER,null
778,Cora,Sweeney,20060316-7874,s-cora2228@finnsinte.se,null,USER,null
779,Portia,Holt,20080412-9438,holt.portia8182@finnsinte.se,null,USER,null
780,Marvin,Mitchell,20010415-4313,mitchell-marvin@finnsinte.se,null,USER,null
781,Karleigh,Pate,20060718-9344,pate_karleigh@finnsinte.se,null,USER,null
782,Ulric,Rodriquez,20040512-3568,rodriquez_ulric6142@finnsinte.se,null,USER,null
783,Amy,Galloway,20060615-4375,a_galloway@finnsinte.se,null,USER,null
784,Palmer,Manning,20050218-2998,palmer_manning4974@finnsinte.se,null,USER,null
785,Rhea,Dotson,20070513-1148,rhea_dotson@finnsinte.se,null,USER,null
786,Hilda,Mooney,20040414-3673,h_mooney@finnsinte.se,null,USER,null
787,Laura,Mcmillan,20090811-7554,mcmillan_laura543@finnsinte.se,null,USER,null
788,Hilary,Diaz,20010716-1183,h-diaz@finnsinte.se,null,USER,null
789,MacKensie,Hewitt,20010711-5246,m_hewitt633@finnsinte.se,null,USER,null
790,Winter,Christensen,20010514-6431,christensen_winter1095@finnsinte.se,null,USER,null
791,Basia,Hoffman,20070913-8379,hoffman_basia@finnsinte.se,null,USER,null
792,Rafael,Roach,20040612-5259,rafaelroach@finnsinte.se,null,USER,null
793,Calvin,Soto,20030217-1533,calvin_soto@finnsinte.se,null,USER,null
794,Brandon,Carlson,20080811-0540,b.carlson@finnsinte.se,null,USER,null
795,Clark,Bentley,20050118-0695,bentley-clark@finnsinte.se,null,USER,null
796,Fulton,Jimenez,20030313-8258,f_jimenez2317@finnsinte.se,null,USER,null
797,Buckminster,Webster,20070613-0874,w.buckminster9103@finnsinte.se,null,USER,null
798,Elizabeth,Simon,20020116-7953,e-simon@finnsinte.se,null,USER,null
799,Yoko,Ross,20030312-8484,r_yoko@finnsinte.se,null,USER,null
800,Hammett,Simpson,20030312-5828,simpson.hammett6128@finnsinte.se,null,USER,null
801,Halee,Stuart,20050719-4638,stuart.halee1185@finnsinte.se,null,USER,null
802,Kylan,Vega,20030213-9671,v-kylan@finnsinte.se,null,USER,null
803,Honorato,Porter,20020716-6891,porterhonorato@finnsinte.se,null,USER,null
804,Kay,Petersen,20020315-2754,petersenkay1385@finnsinte.se,null,USER,null
805,Kylan,Adkins,20000315-7948,kylan_adkins5298@finnsinte.se,null,USER,null
806,Gil,Herrera,20060216-7950,g_herrera9457@finnsinte.se,null,USER,null
807,Indira,Velez,20060613-4915,v-indira5733@finnsinte.se,null,USER,null
808,Jemima,Wilder,20080312-5633,wilder.jemima6440@finnsinte.se,null,USER,null
809,Xantha,Reyes,20090519-5814,r.xantha@finnsinte.se,null,USER,null
810,Hashim,Beck,20030313-8436,hbeck16@finnsinte.se,null,USER,null
811,Rylee,Sheppard,20050417-1974,s_rylee8877@finnsinte.se,null,USER,null
812,Laurel,Greene,20060316-8311,l-greene@finnsinte.se,null,USER,null
813,Xyla,Carver,20010912-4113,x_carver@finnsinte.se,null,USER,null
814,Cynthia,Herrera,20070816-8668,hcynthia@finnsinte.se,null,USER,null
815,Kyla,Camacho,20070914-0183,camacho_kyla9321@finnsinte.se,null,USER,null
816,Marny,Watkins,20070513-3742,marnywatkins@finnsinte.se,null,USER,null
817,Herman,Gross,20080916-1726,herman-gross@finnsinte.se,null,USER,null
818,Hop,Wilkinson,20050413-8284,wilkinson-hop@finnsinte.se,null,USER,null
819,Ingrid,Case,20050917-8518,c.ingrid1935@finnsinte.se,null,USER,null
820,Carter,Wilkerson,20050413-9281,wilkerson_carter9441@finnsinte.se,null,USER,null
821,Olivia,Young,20020318-2329,oyoung@finnsinte.se,null,USER,null
822,Colt,Eaton,20030113-2387,eaton.colt@finnsinte.se,null,USER,null
823,Lael,Bradley,20030314-5048,bradley_lael1720@finnsinte.se,null,USER,null
824,Devin,Durham,20040714-1301,durham-devin4535@finnsinte.se,null,USER,null
825,Laith,Fleming,20010415-6650,laith_fleming@finnsinte.se,null,USER,null
826,Asher,Snyder,20000311-7867,snyder-asher5789@finnsinte.se,null,USER,null
827,Adrian,Mckay,20090916-1244,a-mckay3798@finnsinte.se,null,USER,null
828,Amery,Meyers,20040511-6798,amerymeyers6802@finnsinte.se,null,USER,null
829,Giacomo,Keith,20020318-4982,keithgiacomo@finnsinte.se,null,USER,null
830,Bertha,Cochran,20010315-9726,cochran.bertha@finnsinte.se,null,USER,null
831,Virginia,Buchanan,20040816-2381,buchanan.virginia@finnsinte.se,null,USER,null
832,Hollee,Bradley,20090215-1627,b.hollee@finnsinte.se,null,USER,null
833,Graiden,Kelley,20000712-4865,kelley-graiden6409@finnsinte.se,null,USER,null
834,Xantha,Briggs,20050319-7225,xantha-briggs7342@finnsinte.se,null,USER,null
835,Selma,Mcdaniel,20030718-6144,s-mcdaniel5180@finnsinte.se,null,USER,null
836,Aline,Pollard,20010618-5035,pollard.aline@finnsinte.se,null,USER,null
837,Shay,Slater,20040512-6794,shayslater8783@finnsinte.se,null,USER,null
838,Craig,Walters,20070218-8242,craig.walters@finnsinte.se,null,USER,null
839,Gemma,Fischer,20090118-1348,f-gemma@finnsinte.se,null,USER,null
840,Tara,Pickett,20000315-2681,pickett.tara@finnsinte.se,null,USER,null
841,Rahim,Suarez,20080718-7812,r-suarez@finnsinte.se,null,USER,null
842,Rafael,Sweeney,20060212-9589,rsweeney2910@finnsinte.se,null,USER,null
843,Deborah,Curtis,20040617-4836,d_curtis2568@finnsinte.se,null,USER,null
844,Shellie,Garza,20040717-4327,g-shellie@finnsinte.se,null,USER,null
845,Joan,Simon,20010116-4526,joan.simon@finnsinte.se,null,USER,null
846,Abel,Fulton,20070418-9341,f_abel@finnsinte.se,null,USER,null
847,Ayanna,Jackson,20040612-5213,ayanna.jackson@finnsinte.se,null,USER,null
848,Travis,Scott,20020215-8495,t-scott@finnsinte.se,null,USER,null
849,Lacota,Kidd,20000518-2478,lacota.kidd964@finnsinte.se,null,USER,null
850,Teagan,Lindsay,20030318-3381,t_lindsay@finnsinte.se,null,USER,null
851,Samuel,Wilkins,20090813-3561,s_wilkins@finnsinte.se,null,USER,null
852,Ginger,Hensley,20000514-3251,hensleyginger@finnsinte.se,null,USER,null
853,Amaya,Aguilar,20030919-8077,amaya_aguilar@finnsinte.se,null,USER,null
854,Lavinia,Patterson,20030518-4382,lavinia-patterson4641@finnsinte.se,null,USER,null
855,Inga,Mcneil,20060715-5916,mcneil_inga2176@finnsinte.se,null,USER,null
856,Giselle,Ferguson,20080816-1933,ferguson.giselle758@finnsinte.se,null,USER,null
857,Callum,Mckay,20020918-8230,m_callum2462@finnsinte.se,null,USER,null
858,Talon,Mcgowan,20040714-9618,talonmcgowan@finnsinte.se,null,USER,null
859,Cora,Stewart,20080814-8867,stewartcora@finnsinte.se,null,USER,null
860,Chancellor,Kinney,20000512-3132,kinney.chancellor@finnsinte.se,null,USER,null
861,Bree,Mosley,20050617-2517,bree_mosley7146@finnsinte.se,null,USER,null
862,Laurel,Mckay,20050615-3832,mckay.laurel8485@finnsinte.se,null,USER,null
863,Colby,Keller,20070815-8849,keller-colby@finnsinte.se,null,USER,null
864,Tucker,Bradshaw,20020211-8125,bradshaw-tucker1205@finnsinte.se,null,USER,null
865,Randall,Blackburn,20000615-7914,blackburn.randall7871@finnsinte.se,null,USER,null
866,Lynn,Moon,20050615-3272,m.lynn9820@finnsinte.se,null,USER,null
867,Kimberly,Fisher,20080114-5907,fisher_kimberly@finnsinte.se,null,USER,null
868,Kiona,Daugherty,20030217-3693,kdaugherty9995@finnsinte.se,null,USER,null
869,Evelyn,Medina,20070517-6294,medina.evelyn1544@finnsinte.se,null,USER,null
870,Shad,French,20050512-7746,s-french6314@finnsinte.se,null,USER,null
871,Celeste,Wheeler,20000515-6964,c_wheeler2803@finnsinte.se,null,USER,null
872,Henry,Reilly,20030416-6814,rhenry5444@finnsinte.se,null,USER,null
873,Madison,Melton,20060716-3312,m_madison4961@finnsinte.se,null,USER,null
874,Xenos,Sampson,20030115-6180,sampson_xenos@finnsinte.se,null,USER,null
875,Herrod,Cantrell,20060812-4533,h-cantrell7606@finnsinte.se,null,USER,null
876,Channing,Lucas,20070514-3271,lucaschanning3726@finnsinte.se,null,USER,null
877,Gabriel,Cox,20050813-9749,gabriel_cox7897@finnsinte.se,null,USER,null
878,Veda,Huber,20070814-9587,vedahuber3105@finnsinte.se,null,USER,null
879,Keely,Church,20010511-0498,keely.church@finnsinte.se,null,USER,null
880,Timon,Ball,20020117-3275,timon-ball1269@finnsinte.se,null,USER,null
881,Lesley,Roberts,20050212-5179,lesley_roberts6238@finnsinte.se,null,USER,null
882,Adam,Williams,20070811-1205,a_williams@finnsinte.se,null,USER,null
883,Phelan,Carney,20050216-5545,carney_phelan6642@finnsinte.se,null,USER,null
884,Regan,Solis,20070917-4473,solis-regan@finnsinte.se,null,USER,null
885,Cruz,Gillespie,20070917-2175,c_gillespie6830@finnsinte.se,null,USER,null
886,Myles,Nolan,20090718-4385,nolanmyles7196@finnsinte.se,null,USER,null
887,Acton,Santiago,20040514-3563,acton.santiago540@finnsinte.se,null,USER,null
888,Jaime,Jennings,20070117-3631,jaime-jennings@finnsinte.se,null,USER,null
889,Timon,Douglas,20070715-6209,douglas_timon2153@finnsinte.se,null,USER,null
890,Kevyn,Hahn,20010214-8797,hahnkevyn@finnsinte.se,null,USER,null
891,Conan,Cortez,20040213-1348,cortez_conan7591@finnsinte.se,null,USER,null
892,Alexa,Middleton,20050711-4342,alexa-middleton@finnsinte.se,null,USER,null
893,Macey,Benson,20050613-5548,benson.macey@finnsinte.se,null,USER,null
894,Raven,Luna,20060615-8388,r-luna1840@finnsinte.se,null,USER,null
895,Neve,Newton,20000117-4854,nevenewton@finnsinte.se,null,USER,null
896,Walter,Hodges,20060212-1937,walter-hodges@finnsinte.se,null,USER,null
897,Nero,Faulkner,20060318-6395,nero-faulkner1855@finnsinte.se,null,USER,null
898,Robert,Gutierrez,20040318-5722,r_gutierrez@finnsinte.se,null,USER,null
899,Odysseus,Decker,20030715-5825,o.decker@finnsinte.se,null,USER,null
900,Simon,Gallagher,20040911-1699,sgallagher8213@finnsinte.se,null,USER,null
